571272;;Grudzi퉐z
210054;90620000-9;Grudzi퉐z
525695;;Grudzi퉐z
402734;72318000-7;Warszawa
303980;03142500-3;Grudzi퉐z
519345;;Warszawa
173824;03142500-3;Grudzi퉐z
472303;11120000-7;Grudzi퉐z
164200;45233220-7;Grudzi퉐z
483315;90600000-3;Grudzi퉐z
282731;38421000-2;Grudzi퉐z
83380;90620000-9;Grudzi퉐z
286784;45000000-7;Grudzi퉐z
266735;45233142-6;Grudzi퉐z
462060;66510000-8;Grudzi퉐z
76649;15112000-6;Grudzi퉐z
462060;66510000-8;Grudzi퉐z
447627;15411100-3;Grudzi퉐z
518120;;Grudzi퉐z
303941;15411100-3;Grudzi퉐z
219632;90620000-9;Grudzi퉐z
300106;60100000-9;Grudzi퉐z
528175;;Grudzi퉐z
524576;;Grudzi퉐z
487192;15800000-6;Grudzi퉐z
364938;55321000-6;Grudzi퉐z
11223;45000000-7;Grudzi퉐z
472303;11120000-7;Grudzi퉐z
32165;77211400-6;Grudzi퉐z
80555;33100000-1;Grudzi퉐z
509635;;Grudzi퉐z
447627;15411100-3;Grudzi퉐z
191858;09110000-3;Grudzi퉐z
80555;33100000-1;Grudzi퉐z
533066;;Grudzi퉐z
173818;15220000-6;Grudzi퉐z
54121;50513000-4;Grudzi퉐z
447623;03142500-3;Grudzi퉐z
365881;45314300-4;Warszawa
148572;15220000-6;Grudzi퉐z
571272;;Grudzi퉐z
426093;55321000-6;Grudzi퉐z
14645;09110000-3;Grudzi퉐z
487192;15800000-6;Grudzi퉐z
341904;03142500-3;Grudzi퉐z
527649;;Grudzi퉐z
145487;66110000-4;Grudzi퉐z
282731;38421000-2;Grudzi퉐z
518124;;Grudzi퉐z
303926;15331425-2;Grudzi퉐z
97952;45000000-7;Bydgoszcz
483;55243000-5;Grudzi퉐z
203358;45400000-7;Bydgoszcz
554713;;Gdynia
33914;03142500-3;Grudzi퉐z
494828;71222200-2;Grudzi퉐z
442376;38421000-2;Grudzi퉐z
323109;71222200-2;Grudzi퉐z
300106;60100000-9;Grudzi퉐z
18097;45000000-7;Bydgoszcz
258385;45233220-7;Grudzi퉐z
424699;50513000-4;Grudzi퉐z
447621;15861000-1;Grudzi퉐z
420185;50513000-4;Grudzi퉐z
477621;90620000-9;Grudzi퉐z
409744;09331200-0;Grudzi퉐z
509635;;Grudzi퉐z
26133;66510000-8;Grudzi퉐z
58602;45000000-7;Grudzi퉐z
260275;50513000-4;Grudzi퉐z
421461;90600000-3;Grudzi퉐z
64346;45000000-7;Grudzi퉐z
541903;;Warszawa
372670;32322000-6;Grudzi퉐z
364938;55321000-6;Grudzi퉐z
521853;;Grudzi퉐z
525695;;Grudzi퉐z
77102;33100000-1;Grudzi퉐z
372670;32322000-6;Grudzi퉐z
455045;09110000-3;Grudzi퉐z
303980;03142500-3;Grudzi퉐z
318935;98380000-0;Grudzi퉐z
32165;77211400-6;Grudzi퉐z
303952;15211100-1;Grudzi퉐z
173824;03142500-3;Grudzi퉐z
238022;64110000-0;Grudzi퉐z
447623;03142500-3;Grudzi퉐z
148569;03142500-3;Grudzi퉐z
164200;45233220-7;Grudzi퉐z
518124;;Grudzi퉐z
191858;09110000-3;Grudzi퉐z
518120;;Grudzi퉐z
83380;90620000-9;Grudzi퉐z
219632;90620000-9;Grudzi퉐z
385153;38000000-5;Grudzi퉐z
204133;90620000-9;Grudzi퉐z
76649;15112000-6;Grudzi퉐z
372793;45233142-6;Grudzi퉐z
173818;15220000-6;Grudzi퉐z
303941;15411100-3;Grudzi퉐z
341904;03142500-3;Grudzi퉐z
247132;45233142-6;Grudzi퉐z
148572;15220000-6;Grudzi퉐z
76406;98380000-0;Grudzi퉐z
487938;22120000-7;Grudzi퉐z
483905;90620000-9;Grudzi퉐z
14645;09110000-3;Grudzi퉐z
447632;15211100-1;Grudzi퉐z
18097;45000000-7;Bydgoszcz
385153;38000000-5;Grudzi퉐z
145487;66110000-4;Grudzi퉐z
384882;38000000-5;Grudzi퉐z
365881;45314300-4;Warszawa
349452;90620000-9;Grudzi퉐z
303926;15331425-2;Grudzi퉐z
229964;98380000-0;Grudzi퉐z
204133;90620000-9;Grudzi퉐z
210054;90620000-9;Grudzi퉐z
203358;45400000-7;Bydgoszcz
519345;;Warszawa
524312;;Warszawa
182472;45000000-7;Bydgoszcz
494828;71222200-2;Grudzi퉐z
165535;45000000-7;Bydgoszcz
152254;45000000-7;Grudzi퉐z
71666;98380000-0;Grudzi퉐z
323109;71222200-2;Grudzi퉐z
524312;;Warszawa
235636;71222200-2;Grudzi퉐z
402734;72318000-7;Warszawa
521578;;Grudzi퉐z
266735;45233142-6;Grudzi퉐z
455045;09110000-3;Grudzi퉐z
504305;;Grudzi퉐z
18097;45000000-7;Bydgoszcz
338146;09110000-3;Grudzi퉐z
554713;;Gdynia
282731;38421000-2;Grudzi퉐z
424699;50513000-4;Grudzi퉐z
384882;38000000-5;Grudzi퉐z
97952;45000000-7;Bydgoszcz
363325;;
80555;33100000-1;Grudzi퉐z
462060;66510000-8;Grudzi퉐z
26133;66510000-8;Grudzi퉐z
312286;45233220-7;Grudzi퉐z
465089;45453000-7;Bydgoszcz
424699;50513000-4;Grudzi퉐z
372793;;
303941;15411100-3;Grudzi퉐z
442376;38421000-2;Grudzi퉐z
318935;98380000-0;Grudzi퉐z
145408;71222200-2;Grudzi퉐z
521853;;Grudzi퉐z
483;55243000-5;Grudzi퉐z
527649;;Grudzi퉐z
338146;09110000-3;Grudzi퉐z
349452;90620000-9;Grudzi퉐z
286784;45000000-7;Grudzi퉐z
524980;;Gdynia
229964;98380000-0;Grudzi퉐z
420185;50513000-4;Grudzi퉐z
532607;;Grudzi퉐z
258385;45233220-7;Grudzi퉐z
402734;72318000-7;Warszawa
260275;50513000-4;Grudzi퉐z
80555;33100000-1;Grudzi퉐z
571272;;Grudzi퉐z
247132;45233142-6;Grudzi퉐z
54121;50513000-4;Grudzi퉐z
303952;15211100-1;Grudzi퉐z
238022;64110000-0;Grudzi퉐z
487192;15800000-6;Grudzi퉐z
303913;15861000-1;Grudzi퉐z
11223;45000000-7;Grudzi퉐z
477621;90620000-9;Grudzi퉐z
58602;45000000-7;Grudzi퉐z
472303;11120000-7;Grudzi퉐z
541903;;Warszawa
237915;50232100-1;Grudzi퉐z
409744;09331200-0;Grudzi퉐z
323109;71222200-2;Grudzi퉐z
533066;;Grudzi퉐z
521853;;Grudzi퉐z
504305;;Grudzi퉐z
426093;55321000-6;Grudzi퉐z
409744;09331200-0;Grudzi퉐z
77102;33100000-1;Grudzi퉐z
210054;90620000-9;Grudzi퉐z
455045;09110000-3;Grudzi퉐z
33914;03142500-3;Grudzi퉐z
318935;98380000-0;Grudzi퉐z
97952;45000000-7;Bydgoszcz
303952;15211100-1;Grudzi퉐z
447621;15861000-1;Grudzi퉐z
519345;;Warszawa
421461;90600000-3;Grudzi퉐z
266735;45233142-6;Grudzi퉐z
525695;;Grudzi퉐z
483315;90600000-3;Grudzi퉐z
303980;03142500-3;Grudzi퉐z
76649;15112000-6;Grudzi퉐z
173824;03142500-3;Grudzi퉐z
447627;15411100-3;Grudzi퉐z
164200;45233220-7;Grudzi퉐z
524576;;Grudzi퉐z
83380;90620000-9;Grudzi퉐z
300106;60100000-9;Grudzi퉐z
76649;15112000-6;Grudzi퉐z
554713;;Gdynia
303941;15411100-3;Grudzi퉐z
364938;55321000-6;Grudzi퉐z
247132;45233142-6;Grudzi퉐z
509635;;Grudzi퉐z
76406;98380000-0;Grudzi퉐z
32165;77211400-6;Grudzi퉐z
483905;90620000-9;Grudzi퉐z
77102;33100000-1;Grudzi퉐z
191858;09110000-3;Grudzi퉐z
447623;03142500-3;Grudzi퉐z
173818;15220000-6;Grudzi퉐z
494828;;
148572;15220000-6;Grudzi퉐z
341904;03142500-3;Grudzi퉐z
14645;09110000-3;Grudzi퉐z
182472;45000000-7;Bydgoszcz
145487;66110000-4;Grudzi퉐z
518120;;Grudzi퉐z
303926;15331425-2;Grudzi퉐z
363325;50232100-1;Grudzi퉐z
203358;45400000-7;Bydgoszcz
533066;;Grudzi퉐z
182472;45000000-7;Bydgoszcz
521578;;Grudzi퉐z
165535;45000000-7;Bydgoszcz
518124;;Grudzi퉐z
152254;45000000-7;Grudzi퉐z
282731;38421000-2;Grudzi퉐z
235636;71222200-2;Grudzi퉐z
64346;45000000-7;Grudzi퉐z
303980;03142500-3;Grudzi퉐z
504305;;Grudzi퉐z
97952;45000000-7;Bydgoszcz
76406;98380000-0;Grudzi퉐z
165535;45000000-7;Bydgoszcz
483905;90620000-9;Grudzi퉐z
372670;32322000-6;Grudzi퉐z
148569;;
487938;22120000-7;Grudzi퉐z
18097;45000000-7;Bydgoszcz
424699;50513000-4;Grudzi퉐z
541903;;Warszawa
312286;45233220-7;Grudzi퉐z
465089;45453000-7;Bydgoszcz
554713;;Gdynia
286784;45000000-7;Grudzi퉐z
477621;90620000-9;Grudzi퉐z
524980;;Gdynia
204133;90620000-9;Grudzi퉐z
145408;71222200-2;Grudzi퉐z
483;55243000-5;Grudzi퉐z
71666;98380000-0;Grudzi퉐z
219632;90620000-9;Grudzi퉐z
527649;;Grudzi퉐z
365881;45314300-4;Warszawa
528175;;Grudzi퉐z
524980;;Gdynia
258385;45233220-7;Grudzi퉐z
494828;71222200-2;Grudzi퉐z
532607;;Grudzi퉐z
447632;15211100-1;Grudzi퉐z
58602;45000000-7;Grudzi퉐z
521853;;Grudzi퉐z
58602;45000000-7;Grudzi퉐z
409744;09331200-0;Grudzi퉐z
420185;50513000-4;Grudzi퉐z
14645;09110000-3;Grudzi퉐z
477621;90620000-9;Grudzi퉐z
235636;71222200-2;Grudzi퉐z
173824;03142500-3;Grudzi퉐z
238022;64110000-0;Grudzi퉐z
164200;45233220-7;Grudzi퉐z
26133;66510000-8;Grudzi퉐z
504305;;Grudzi퉐z
442376;38421000-2;Grudzi퉐z
11223;45000000-7;Grudzi퉐z
235636;71222200-2;Grudzi퉐z
372793;45233142-6;Grudzi퉐z
462060;66510000-8;Grudzi퉐z
11223;45000000-7;Grudzi퉐z
152254;45000000-7;Grudzi퉐z
420185;50513000-4;Grudzi퉐z
11223;45000000-7;Grudzi퉐z
338146;09110000-3;Grudzi퉐z
524980;;Gdynia
237915;50232100-1;Grudzi퉐z
487938;22120000-7;Grudzi퉐z
323109;71222200-2;Grudzi퉐z
532607;;Grudzi퉐z
483;55243000-5;Grudzi퉐z
385153;38000000-5;Grudzi퉐z
541903;;Warszawa
26133;66510000-8;Grudzi퉐z
303913;15861000-1;Grudzi퉐z
447632;15211100-1;Grudzi퉐z
524312;;Warszawa
465089;45453000-7;Bydgoszcz
54121;50513000-4;Grudzi퉐z
384882;38000000-5;Grudzi퉐z
152254;45000000-7;Grudzi퉐z
426093;55321000-6;Grudzi퉐z
525695;;Grudzi퉐z
312286;45233220-7;Grudzi퉐z
33914;03142500-3;Grudzi퉐z
349452;90620000-9;Grudzi퉐z
447621;15861000-1;Grudzi퉐z
402734;72318000-7;Warszawa
421461;90600000-3;Grudzi퉐z
229964;98380000-0;Grudzi퉐z
525695;;Grudzi퉐z
472303;11120000-7;Grudzi퉐z
303980;03142500-3;Grudzi퉐z
210054;90620000-9;Grudzi퉐z
173824;03142500-3;Grudzi퉐z
266735;45233142-6;Grudzi퉐z
164200;45233220-7;Grudzi퉐z
519345;;Warszawa
83380;90620000-9;Grudzi퉐z
442376;38421000-2;Grudzi퉐z
483315;90600000-3;Grudzi퉐z
524576;;Grudzi퉐z
447627;15411100-3;Grudzi퉐z
571272;;Grudzi퉐z
300106;60100000-9;Grudzi퉐z
509635;;Grudzi퉐z
364938;55321000-6;Grudzi퉐z
148572;15220000-6;Grudzi퉐z
32165;77211400-6;Grudzi퉐z
447623;03142500-3;Grudzi퉐z
191858;09110000-3;Grudzi퉐z
487192;15800000-6;Grudzi퉐z
173818;15220000-6;Grudzi퉐z
341904;03142500-3;Grudzi퉐z
148572;15220000-6;Grudzi퉐z
258385;45233220-7;Grudzi퉐z
14645;09110000-3;Grudzi퉐z
533066;;Grudzi퉐z
145487;66110000-4;Grudzi퉐z
145487;66110000-4;Grudzi퉐z
303926;15331425-2;Grudzi퉐z
83380;90620000-9;Grudzi퉐z
203358;45400000-7;Bydgoszcz
318935;98380000-0;Grudzi퉐z
487938;22120000-7;Grudzi퉐z
504305;;Grudzi퉐z
524980;;Gdynia
148569;03142500-3;Grudzi퉐z
77102;33100000-1;Grudzi퉐z
528175;;Grudzi퉐z
483315;90600000-3;Grudzi퉐z
235636;71222200-2;Grudzi퉐z
237915;50232100-1;Grudzi퉐z
312286;45233220-7;Grudzi퉐z
71666;98380000-0;Grudzi퉐z
372670;32322000-6;Grudzi퉐z
363325;50232100-1;Grudzi퉐z
260275;50513000-4;Grudzi퉐z
145408;71222200-2;Grudzi퉐z
528175;;Grudzi퉐z
521578;;Grudzi퉐z
465089;45453000-7;Bydgoszcz
312286;45233220-7;Grudzi퉐z
64346;45000000-7;Grudzi퉐z
303913;15861000-1;Grudzi퉐z
455045;09110000-3;Grudzi퉐z
465089;45453000-7;Bydgoszcz
300106;60100000-9;Grudzi퉐z
528175;;Grudzi퉐z
363325;50232100-1;Grudzi퉐z
237915;50232100-1;Grudzi퉐z
426093;55321000-6;Grudzi퉐z
524576;;
521578;;Grudzi퉐z
145408;71222200-2;Grudzi퉐z
152254;45000000-7;Grudzi퉐z
237915;50232100-1;Grudzi퉐z
145408;71222200-2;Grudzi퉐z
532607;;Grudzi퉐z
303952;15211100-1;Grudzi퉐z
260275;50513000-4;Grudzi퉐z
54121;50513000-4;Grudzi퉐z
64346;45000000-7;Grudzi퉐z
521578;;Grudzi퉐z
532607;;Grudzi퉐z
554713;;Gdynia
148569;03142500-3;Grudzi퉐z
80555;33100000-1;Grudzi퉐z
238022;64110000-0;Grudzi퉐z
365881;45314300-4;Warszawa
286784;45000000-7;Grudzi퉐z
76649;15112000-6;Grudzi퉐z
483;55243000-5;Grudzi퉐z
303926;15331425-2;Grudzi퉐z
447621;15861000-1;Grudzi퉐z
494828;71222200-2;Grudzi퉐z
527649;;Grudzi퉐z
286784;45000000-7;Grudzi퉐z
420185;50513000-4;Grudzi퉐z
442376;38421000-2;Grudzi퉐z
477621;90620000-9;Grudzi퉐z
424699;50513000-4;Grudzi퉐z
247132;45233142-6;Grudzi퉐z
258385;45233220-7;Grudzi퉐z
409744;09331200-0;Grudzi퉐z
32165;77211400-6;Grudzi퉐z
303941;15411100-3;Grudzi퉐z
18097;45000000-7;Bydgoszcz
518124;;Grudzi퉐z
518120;;Grudzi퉐z
421461;90600000-3;Grudzi퉐z
219632;90620000-9;Grudzi퉐z
323109;71222200-2;Grudzi퉐z
260275;50513000-4;Grudzi퉐z
363325;50232100-1;Grudzi퉐z
204133;90620000-9;Grudzi퉐z
76406;98380000-0;Grudzi퉐z
372793;45233142-6;Grudzi퉐z
203358;45400000-7;Bydgoszcz
338146;09110000-3;Grudzi퉐z
483905;90620000-9;Grudzi퉐z
303913;15861000-1;Grudzi퉐z
462060;66510000-8;Grudzi퉐z
54121;50513000-4;Grudzi퉐z
447632;15211100-1;Grudzi퉐z
426093;55321000-6;Grudzi퉐z
182472;45000000-7;Bydgoszcz
33914;03142500-3;Grudzi퉐z
385153;38000000-5;Grudzi퉐z
447621;15861000-1;Grudzi퉐z
447623;03142500-3;Grudzi퉐z
421461;90600000-3;Grudzi퉐z
384882;;
165535;45000000-7;Bydgoszcz
349452;90620000-9;Grudzi퉐z
472303;11120000-7;Grudzi퉐z
229964;98380000-0;Grudzi퉐z
71666;98380000-0;Grudzi퉐z
210054;90620000-9;Grudzi퉐z
365881;45314300-4;Warszawa
519345;;Warszawa
524312;;Warszawa
483315;90600000-3;Grudzi퉐z
571272;;Grudzi퉐z
447627;15411100-3;Grudzi퉐z
402734;72318000-7;Warszawa
300106;60100000-9;Grudzi퉐z
33914;03142500-3;Grudzi퉐z
364938;55321000-6;Grudzi퉐z
266735;45233142-6;Grudzi퉐z
32165;77211400-6;Grudzi퉐z
487192;15800000-6;Grudzi퉐z
191858;09110000-3;Grudzi퉐z
524576;;Grudzi퉐z
173818;15220000-6;Grudzi퉐z
527649;;Grudzi퉐z
509635;;Grudzi퉐z
282731;38421000-2;Grudzi퉐z
447623;03142500-3;Grudzi퉐z
364938;55321000-6;Grudzi퉐z
341904;03142500-3;Grudzi퉐z
97952;45000000-7;Bydgoszcz
303980;03142500-3;Grudzi퉐z
77102;33100000-1;Grudzi퉐z
372670;32322000-6;Grudzi퉐z
533066;;Grudzi퉐z
341904;03142500-3;Grudzi퉐z
152254;45000000-7;Grudzi퉐z
64346;45000000-7;Grudzi퉐z
235636;71222200-2;Grudzi퉐z
26133;66510000-8;Grudzi퉐z
349452;90620000-9;Grudzi퉐z
504305;;Grudzi퉐z
372670;32322000-6;Grudzi퉐z
541903;;Warszawa
58602;45000000-7;Grudzi퉐z
191858;09110000-3;Grudzi퉐z
260275;50513000-4;Grudzi퉐z
525695;;Grudzi퉐z
64346;45000000-7;Grudzi퉐z
80555;33100000-1;Grudzi퉐z
462060;66510000-8;Grudzi퉐z
521578;;Grudzi퉐z
312286;45233220-7;Grudzi퉐z
465089;45453000-7;Bydgoszcz
487938;22120000-7;Grudzi퉐z
455045;09110000-3;Grudzi퉐z
219632;90620000-9;Grudzi퉐z
164200;45233220-7;Grudzi퉐z
524312;;Warszawa
145408;71222200-2;Grudzi퉐z
238022;64110000-0;Grudzi퉐z
518120;;Grudzi퉐z
173824;03142500-3;Grudzi퉐z
303952;15211100-1;Grudzi퉐z
318935;98380000-0;Grudzi퉐z
487938;22120000-7;Grudzi퉐z
524980;;Gdynia
518124;;Grudzi퉐z
533066;;Grudzi퉐z
532607;;Grudzi퉐z
173818;15220000-6;Grudzi퉐z
219632;90620000-9;Grudzi퉐z
363325;50232100-1;Grudzi퉐z
204133;90620000-9;Grudzi퉐z
571272;;Grudzi퉐z
372793;45233142-6;Grudzi퉐z
518120;;Grudzi퉐z
229964;98380000-0;Grudzi퉐z
494828;71222200-2;Grudzi퉐z
487192;15800000-6;Grudzi퉐z
148569;03142500-3;Grudzi퉐z
11223;45000000-7;Grudzi퉐z
83380;90620000-9;Grudzi퉐z
18097;45000000-7;Bydgoszcz
472303;11120000-7;Grudzi퉐z
76649;15112000-6;Grudzi퉐z
237915;50232100-1;Grudzi퉐z
528175;;Grudzi퉐z
521853;;Grudzi퉐z
148572;15220000-6;Grudzi퉐z
204133;90620000-9;Grudzi퉐z
303941;15411100-3;Grudzi퉐z
372793;45233142-6;Grudzi퉐z
483;55243000-5;Grudzi퉐z
338146;09110000-3;Grudzi퉐z
247132;45233142-6;Grudzi퉐z
303913;15861000-1;Grudzi퉐z
14645;09110000-3;Grudzi퉐z
76406;98380000-0;Grudzi퉐z
210054;90620000-9;Grudzi퉐z
483905;90620000-9;Grudzi퉐z
145487;66110000-4;Grudzi퉐z
447632;15211100-1;Grudzi퉐z
303913;15861000-1;Grudzi퉐z
385153;38000000-5;Grudzi퉐z
303926;15331425-2;Grudzi퉐z
384882;38000000-5;Grudzi퉐z
494828;71222200-2;Grudzi퉐z
349452;90620000-9;Grudzi퉐z
203358;45400000-7;Bydgoszcz
229964;98380000-0;Grudzi퉐z
152254;45000000-7;Grudzi퉐z
210054;90620000-9;Grudzi퉐z
182472;45000000-7;Bydgoszcz
519345;;Warszawa
182472;45000000-7;Bydgoszcz
483315;90600000-3;Grudzi퉐z
165535;45000000-7;Bydgoszcz
447627;15411100-3;Grudzi퉐z
235636;71222200-2;Grudzi퉐z
71666;98380000-0;Grudzi퉐z
286784;45000000-7;Grudzi퉐z
524312;;Warszawa
420185;50513000-4;Grudzi퉐z
402734;72318000-7;Warszawa
504305;;Grudzi퉐z
266735;45233142-6;Grudzi퉐z
303952;15211100-1;Grudzi퉐z
524576;;Grudzi퉐z
554713;;Gdynia
509635;;Grudzi퉐z
282731;38421000-2;Grudzi퉐z
424699;50513000-4;Grudzi퉐z
338146;09110000-3;Grudzi퉐z
97952;45000000-7;Bydgoszcz
365881;45314300-4;Warszawa
80555;33100000-1;Grudzi퉐z
462060;66510000-8;Grudzi퉐z
148569;03142500-3;Grudzi퉐z
312286;45233220-7;Grudzi퉐z
465089;45453000-7;Bydgoszcz
76406;98380000-0;Grudzi퉐z
402734;72318000-7;Warszawa
409744;09331200-0;Grudzi퉐z
26133;66510000-8;Grudzi퉐z
26133;66510000-8;Grudzi퉐z
145408;71222200-2;Grudzi퉐z
258385;45233220-7;Grudzi퉐z
409744;09331200-0;Grudzi퉐z
420185;50513000-4;Grudzi퉐z
54121;50513000-4;Grudzi퉐z
442376;38421000-2;Grudzi퉐z
527649;;Grudzi퉐z
524980;;Gdynia
58602;45000000-7;Grudzi퉐z
238022;64110000-0;Grudzi퉐z
532607;;Grudzi퉐z
519345;;Warszawa
521853;;Grudzi퉐z
483905;90620000-9;Grudzi퉐z
260275;50513000-4;Grudzi퉐z
571272;;Grudzi퉐z
372670;32322000-6;Grudzi퉐z
541903;;Warszawa
64346;45000000-7;Grudzi퉐z
487938;22120000-7;Grudzi퉐z
487192;15800000-6;Grudzi퉐z
477621;90620000-9;Grudzi퉐z
11223;45000000-7;Grudzi퉐z
426093;55321000-6;Grudzi퉐z
455045;09110000-3;Grudzi퉐z
472303;11120000-7;Grudzi퉐z
33914;03142500-3;Grudzi퉐z
237915;50232100-1;Grudzi퉐z
323109;71222200-2;Grudzi퉐z
483315;90600000-3;Grudzi퉐z
77102;33100000-1;Grudzi퉐z
447621;15861000-1;Grudzi퉐z
455045;09110000-3;Grudzi퉐z
266735;45233142-6;Grudzi퉐z
318935;98380000-0;Grudzi퉐z
421461;90600000-3;Grudzi퉐z
303952;15211100-1;Grudzi퉐z
447627;15411100-3;Grudzi퉐z
238022;64110000-0;Grudzi퉐z
525695;;Grudzi퉐z
148569;03142500-3;Grudzi퉐z
323109;71222200-2;Grudzi퉐z
518124;;Grudzi퉐z
303980;03142500-3;Grudzi퉐z
300106;60100000-9;Grudzi퉐z
173824;03142500-3;Grudzi퉐z
524576;;Grudzi퉐z
164200;45233220-7;Grudzi퉐z
364938;55321000-6;Grudzi퉐z
83380;90620000-9;Grudzi퉐z
247132;45233142-6;Grudzi퉐z
76649;15112000-6;Grudzi퉐z
32165;77211400-6;Grudzi퉐z
303941;15411100-3;Grudzi퉐z
509635;;Grudzi퉐z
247132;45233142-6;Grudzi퉐z
191858;;
76406;98380000-0;Grudzi퉐z
18097;45000000-7;Bydgoszcz
483905;90620000-9;Grudzi퉐z
173818;15220000-6;Grudzi퉐z
447632;15211100-1;Grudzi퉐z
447623;03142500-3;Grudzi퉐z
385153;38000000-5;Grudzi퉐z
148572;15220000-6;Grudzi퉐z
384882;38000000-5;Grudzi퉐z
318935;98380000-0;Grudzi퉐z
14645;09110000-3;Grudzi퉐z
341904;03142500-3;Grudzi퉐z
145487;66110000-4;Grudzi퉐z
424699;50513000-4;Grudzi퉐z
303926;15331425-2;Grudzi퉐z
219632;90620000-9;Grudzi퉐z
203358;45400000-7;Bydgoszcz
286784;45000000-7;Grudzi퉐z
182472;45000000-7;Bydgoszcz
528175;;Grudzi퉐z
165535;45000000-7;Bydgoszcz
363325;50232100-1;Grudzi퉐z
71666;98380000-0;Grudzi퉐z
518120;;Grudzi퉐z
518124;;Grudzi퉐z
554713;;Gdynia
282731;38421000-2;Grudzi퉐z
533066;;Grudzi퉐z
97952;45000000-7;Bydgoszcz
165535;45000000-7;Bydgoszcz
365881;45314300-4;Warszawa
372793;45233142-6;Grudzi퉐z
442376;38421000-2;Grudzi퉐z
385153;38000000-5;Grudzi퉐z
204133;90620000-9;Grudzi퉐z
483;55243000-5;Grudzi퉐z
527649;;Grudzi퉐z
521578;;Grudzi퉐z
477621;90620000-9;Grudzi퉐z
71666;;
541903;;Warszawa
58602;45000000-7;Grudzi퉐z
258385;45233220-7;Grudzi퉐z
338146;09110000-3;Grudzi퉐z
384882;38000000-5;Grudzi퉐z
303913;15861000-1;Grudzi퉐z
447632;15211100-1;Grudzi퉐z
521853;;Grudzi퉐z
54121;50513000-4;Grudzi퉐z
77102;33100000-1;Grudzi퉐z
349452;90620000-9;Grudzi퉐z
426093;55321000-6;Grudzi퉐z
524312;;Warszawa
33914;03142500-3;Grudzi퉐z
229964;98380000-0;Grudzi퉐z
447621;15861000-1;Grudzi퉐z
421461;90600000-3;Grudzi퉐z
