289925;38421100-3;M쓰wa
487453;45000000-7;I쓾wo-Osada
507528;;I쓾wo-Osada
451095;45000000-7;M쓰wa
40415;45233222-1;Warszawa
345924;45233280-5;Warszawa
177853;45230000-8;M쓰wa
291352;63712400-7;M쓰wa
344627;34927100-2;M쓰wa
211075;45230000-8;M쓰wa
107376;45233120-6;M쓰wa
467306;71320000-7;I쓾wo-Osada
348003;45233120-6;M쓰wa
255594;44114200-4;M쓰wa
417301;44470000-5;M쓰wa
513754;;M쓰wa
235722;90733700-1;M쓰wa
450203;45231300-8;M쓰wa
262827;45231300-8;M쓰wa
261825;50232100-1;M쓰wa
360465;30190000-7;M쓰wa
454914;34927100-2;M쓰wa
292895;45310000-3;M쓰wa
445986;79421200-3;M쓰wa
215808;45221110-6;Warszawa
437713;71800000-6;M쓰wa
348003;45233120-6;M쓰wa
372834;45212200-8;M쓰wa
478622;34927100-2;M쓰wa
386647;44163000-0;M쓰wa
130796;45233225-2;Olsztyn
249949;71240000-2;Radom
251654;44114200-4;M쓰wa
158075;45230000-8;M쓰wa
372834;45212200-8;M쓰wa
487453;45000000-7;I쓾wo-Osada
355040;77211400-6;M쓰wa
267228;44163000-0;M쓰wa
29960;34927100-2;M쓰wa
366653;71320000-7;I쓾wo-Osada
194824;60100000-9;Warszawa
271900;34223100-7;M쓰wa
113457;45230000-8;M쓰wa
264176;44163000-0;M쓰wa
567725;;Warszawa
467306;71320000-7;I쓾wo-Osada
92308;45453000-7;Warszawa
351373;42131160-5;M쓰wa
564628;;Warszawa
414866;38421100-3;M쓰wa
249949;71240000-2;Radom
134754;45330000-9;Radom
350311;45233221-4;Warszawa
386647;44163000-0;M쓰wa
479288;60100000-9;I쓾wo-Osada
293746;71320000-7;M쓰wa
309960;60100000-9;Warszawa
386643;44163000-0;M쓰wa
271900;34223100-7;M쓰wa
373709;09134100-8;M쓰wa
145848;60100000-9;I쓾wo-Osada
547433;;Bydgoszcz
520453;;Bydgoszcz
289925;38421100-3;M쓰wa
417301;44470000-5;M쓰wa
317292;66510000-8;M쓰wa
471688;45000000-7;M쓰wa
8277;45100000-8;M쓰wa
547433;;Bydgoszcz
113457;45230000-8;M쓰wa
385020;33696500-0;M쓰wa
262827;45231300-8;M쓰wa
386647;;
487453;45000000-7;I쓾wo-Osada
354587;71000000-8;I쓾wo-Osada
267228;44163000-0;M쓰wa
414866;38421100-3;M쓰wa
235722;90733700-1;M쓰wa
527972;;I쓾wo-Osada
107376;45233120-6;M쓰wa
47204;71610000-7;M쓰wa
291352;63712400-7;M쓰wa
551760;;Bydgoszcz
445986;79421200-3;M쓰wa
346567;45233290-8;Warszawa
145848;60100000-9;I쓾wo-Osada
317272;98380000-0;M쓰wa
437713;71800000-6;M쓰wa
421028;45233120-6;M쓰wa
417507;45233120-6;Wi랉iewo
535532;;M쓰wa
140176;09123000-7;M쓰wa
140176;09123000-7;M쓰wa
360465;30190000-7;M쓰wa
494738;45110000-1;M쓰wa
422311;09123000-7;M쓰wa
249313;71320000-7;M쓰wa
507528;;I쓾wo-Osada
417507;45233120-6;Wi랉iewo
271900;34223100-7;M쓰wa
494526;45000000-7;I쓾wo-Osada
527972;;
326056;39100000-3;Ciechan雕
551760;;Bydgoszcz
250471;09132100-4;M쓰wa
494526;45000000-7;I쓾wo-Osada
494738;45110000-1;M쓰wa
326056;39100000-3;Ciechan雕
479452;45000000-7;I쓾wo-Osada
47204;71610000-7;M쓰wa
455032;09300000-2;M쓰wa
221623;60100000-9;I쓾wo-Osada
386277;;
533404;;M쓰wa
186035;45233120-6;Warszawa
152185;92300000-4;M쓰wa
112054;45233120-6;Warszawa
152185;92300000-4;M쓰wa
533404;;M쓰wa
36969;64110000-0;M쓰wa
264176;44163000-0;M쓰wa
406627;45100000-8;M쓰wa
36969;64110000-0;M쓰wa
192890;34927100-2;M쓰wa
455032;09300000-2;M쓰wa
103034;45233142-6;Warszawa
479452;45000000-7;I쓾wo-Osada
174722;45233221-4;Warszawa
40415;45233222-1;Warszawa
186035;45233120-6;Warszawa
451095;;
507528;;I쓾wo-Osada
177853;45230000-8;M쓰wa
467306;71320000-7;I쓾wo-Osada
406627;45100000-8;M쓰wa
344627;34927100-2;M쓰wa
346567;45233290-8;Warszawa
255594;44114200-4;M쓰wa
112054;45233120-6;Warszawa
351373;42131160-5;M쓰wa
103034;45233142-6;Warszawa
450203;45231300-8;M쓰wa
339982;09134100-8;M쓰wa
345924;45233280-5;Warszawa
454914;34927100-2;M쓰wa
171910;45000000-7;Radom
414866;38421100-3;M쓰wa
317272;98380000-0;M쓰wa
215808;45221110-6;Warszawa
345924;45233280-5;Warszawa
513754;;M쓰wa
193594;45000000-7;Radom
478622;34927100-2;M쓰wa
134754;45330000-9;Radom
171910;45000000-7;Radom
251654;44114200-4;M쓰wa
192890;34927100-2;M쓰wa
292895;45310000-3;M쓰wa
337714;45231300-8;M쓰wa
355040;77211400-6;M쓰wa
221623;60100000-9;I쓾wo-Osada
353109;90733700-1;M쓰wa
113457;45230000-8;M쓰wa
386277;79993000-1;M쓰wa
429034;71520000-9;M쓰wa
194824;60100000-9;Warszawa
250471;09132100-4;M쓰wa
130796;45233225-2;Olsztyn
372834;45212200-8;M쓰wa
366653;71320000-7;I쓾wo-Osada
567725;;Warszawa
293746;71320000-7;M쓰wa
564628;;Warszawa
286295;45233140-2;슷romin
286295;45233140-2;슷romin
29960;34927100-2;M쓰wa
429034;71520000-9;M쓰wa
451095;45000000-7;M쓰wa
350311;45233221-4;Warszawa
267227;44470000-5;M쓰wa
40415;45233222-1;Warszawa
386643;44163000-0;M쓰wa
92308;45453000-7;Warszawa
337714;45231300-8;M쓰wa
177853;45230000-8;M쓰wa
373709;09134100-8;M쓰wa
344627;34927100-2;M쓰wa
479288;60100000-9;I쓾wo-Osada
198865;98380000-0;M쓰wa
211075;45230000-8;M쓰wa
547433;;Bydgoszcz
513754;;M쓰wa
520453;;Bydgoszcz
158075;45230000-8;M쓰wa
289925;38421100-3;M쓰wa
255594;44114200-4;M쓰wa
471688;45000000-7;M쓰wa
317292;66510000-8;M쓰wa
450203;45231300-8;M쓰wa
385020;33696500-0;M쓰wa
292895;45310000-3;M쓰wa
8277;;
454914;34927100-2;M쓰wa
354587;71000000-8;I쓾wo-Osada
267227;44470000-5;M쓰wa
215808;45221110-6;Warszawa
527972;;I쓾wo-Osada
130796;45233225-2;Olsztyn
353109;90733700-1;M쓰wa
551760;;Bydgoszcz
478622;34927100-2;M쓰wa
174722;45233221-4;Warszawa
326056;39100000-3;Ciechan雕
251654;44114200-4;M쓰wa
494738;45110000-1;M쓰wa
29960;34927100-2;M쓰wa
337714;45231300-8;M쓰wa
355040;77211400-6;M쓰wa
264176;44163000-0;M쓰wa
171910;45000000-7;Radom
194824;60100000-9;Warszawa
421028;45233120-6;M쓰wa
92308;45453000-7;Warszawa
174722;45233221-4;Warszawa
567725;;Warszawa
193594;45000000-7;Radom
351373;42131160-5;M쓰wa
564628;;Warszawa
249313;71320000-7;M쓰wa
479288;60100000-9;I쓾wo-Osada
417507;45233120-6;Wi랉iewo
350311;45233221-4;Warszawa
494526;45000000-7;I쓾wo-Osada
535532;;M쓰wa
309960;60100000-9;Warszawa
250471;09132100-4;M쓰wa
520453;;Bydgoszcz
140176;09123000-7;M쓰wa
145848;60100000-9;I쓾wo-Osada
262827;45231300-8;M쓰wa
267228;44163000-0;M쓰wa
221623;60100000-9;I쓾wo-Osada
291352;63712400-7;M쓰wa
471688;45000000-7;M쓰wa
164719;45000000-7;Radom
339982;09134100-8;M쓰wa
385020;33696500-0;M쓰wa
134754;;
290631;45233121-3;Warszawa
354587;71000000-8;I쓾wo-Osada
386643;44163000-0;M쓰wa
533404;;M쓰wa
235722;90733700-1;M쓰wa
293746;71320000-7;M쓰wa
186035;45233120-6;Warszawa
455032;09300000-2;M쓰wa
479452;45000000-7;I쓾wo-Osada
152185;92300000-4;M쓰wa
47204;71610000-7;M쓰wa
158075;45230000-8;M쓰wa
422311;09123000-7;M쓰wa
386277;79993000-1;M쓰wa
211075;45230000-8;M쓰wa
36969;64110000-0;M쓰wa
249949;71240000-2;Radom
317292;66510000-8;M쓰wa
366653;71320000-7;I쓾wo-Osada
373709;09134100-8;M쓰wa
290631;45233121-3;Warszawa
112054;45233120-6;Warszawa
267227;44470000-5;M쓰wa
103034;45233142-6;Warszawa
286295;45233140-2;슷romin
421028;45233120-6;M쓰wa
164719;45000000-7;Radom
360465;30190000-7;M쓰wa
429034;71520000-9;M쓰wa
445986;79421200-3;M쓰wa
339982;09134100-8;M쓰wa
317272;98380000-0;M쓰wa
406627;45100000-8;M쓰wa
535532;;M쓰wa
309960;60100000-9;Warszawa
422311;09123000-7;M쓰wa
261825;50232100-1;M쓰wa
249313;71320000-7;M쓰wa
261825;50232100-1;M쓰wa
437713;71800000-6;M쓰wa
193594;45000000-7;Radom
198865;98380000-0;M쓰wa
346567;45233290-8;Warszawa
164719;45000000-7;Radom
290631;45233121-3;Warszawa
8277;45100000-8;M쓰wa
353109;90733700-1;M쓰wa
348003;45233120-6;M쓰wa
192890;34927100-2;M쓰wa
417301;44470000-5;M쓰wa
107376;45233120-6;M쓰wa
198865;98380000-0;M쓰wa
