175778;60112000-6;υm瘸
512944;;Bia造stok
537374;;υm瘸
571972;;υm瘸
155791;45246400-7;Bia造stok
509405;;Bia造stok
17685;45233250-6;Bia造stok
15160;45233220-7;Bia造stok
146636;45000000-7;Bia造stok
504787;;υm瘸
171054;31680000-6;Koszalin
54885;45316100-9;υm瘸
88680;45233120-6;Bia造stok
3037;45321000-3;υm瘸
175048;44231000-8;Bia造stok
525670;;Bia造stok
72454;64110000-0;υm瘸
475087;30213100-6;υm瘸
213452;66110000-4;υm瘸
323681;71000000-8;υm瘸
292642;45000000-7;Bia造stok
136750;45212220-3;υm瘸
34408;72919000-4;Bia造stok
488142;34144500-3;υm瘸
175519;55524000-9;υm瘸
357527;09111210-5;Warszawa
44063;45210000-2;υm瘸
317344;98000000-3;υm瘸
124494;45000000-7;Bia造stok
7097;45246400-7;Bia造stok
175778;60112000-6;υm瘸
560741;;υm瘸
445599;55321000-6;υm瘸
173955;45453000-7;Bia造stok
21788;45246400-7;Bia造stok
346765;45316100-9;υm瘸
346765;45316100-9;υm瘸
363507;71320000-7;Warszawa
555066;;υm瘸
3037;45321000-3;υm瘸
153415;45223300-9;υm瘸
6772;45246400-7;Bia造stok
464445;77342000-9;Bia造stok
456804;34223340-1;υm瘸
7097;45246400-7;Bia造stok
181751;45000000-7;Bia造stok
271879;45000000-7;υm瘸
555066;;υm瘸
205026;45000000-7;Olsztyn
560741;;υm瘸
357379;45400000-1;υm瘸
529544;;Bia造stok
512328;;Bia造stok
177305;44114100-3;Koszalin
173593;60112000-6;υm瘸
475087;30213100-6;υm瘸
199240;45233222-1;Bia造stok
375047;45233142-6;υm瘸
306939;55524000-9;υm瘸
214524;90511000-2;Bia造stok
551785;;υm瘸
73619;45210000-2;υm瘸
419714;43300000-6;υm瘸
445599;55321000-6;υm瘸
110900;45000000-7;Bia造stok
466403;45233142-6;Bia造stok
38857;45313100-5;υm瘸
492887;85312500-4;υm瘸
414908;43300000-6;υm瘸
529544;;Bia造stok
41829;55321000-6;υm瘸
124286;79961200-0;υm瘸
173593;60112000-6;υm瘸
175048;44231000-8;Bia造stok
15847;45000000-7;Bia造stok
71063;90910000-9;υm瘸
488142;34144500-3;υm瘸
315140;71000000-8;υm瘸
136750;45212220-3;υm瘸
526183;;υm瘸
52857;71351914-3;Bia造stok
213452;66110000-4;υm瘸
292798;45233222-1;Bia造stok
529544;;Bia造stok
92280;55524000-9;υm瘸
306939;55524000-9;υm瘸
326560;45111200-0;υm瘸
475087;30213100-6;υm瘸
64521;45233142-6;υm瘸
173593;60112000-6;υm瘸
188617;45310000-3;Koszalin
3037;45321000-3;υm瘸
375047;45233142-6;υm瘸
363507;71320000-7;Warszawa
77203;66113000-5;υm瘸
175778;60112000-6;υm瘸
488142;34144500-3;υm瘸
445599;55321000-6;υm瘸
537374;;υm瘸
555066;;υm瘸
155791;45246400-7;Bia造stok
44063;45210000-2;υm瘸
17685;45233250-6;Bia造stok
167969;77310000-6;Bia造stok
146636;45000000-7;Bia造stok
357379;45400000-1;υm瘸
171054;31680000-6;Koszalin
497120;37535200-9;υm瘸
88680;45233120-6;Bia造stok
126421;45000000-7;Olsztyn
525670;;Bia造stok
32389;33631600-8;υm瘸
551785;;υm瘸
273087;90500000-2;Bia造stok
323681;;
383237;43300000-6;υm瘸
34408;72919000-4;Bia造stok
7097;45246400-7;Bia造stok
357527;09111210-5;Warszawa
129845;45216000-4;Bia造stok
124494;45000000-7;Bia造stok
16657;60112000-6;υm瘸
560741;;υm瘸
452878;60112000-6;υm瘸
21788;45246400-7;Bia造stok
542762;;υm瘸
363507;71320000-7;Warszawa
207227;45453000-7;Bia造stok
456804;34223340-1;υm瘸
149939;45246400-7;Bia造stok
464445;77342000-9;Bia造stok
15847;45000000-7;Bia造stok
181751;45000000-7;Bia造stok
551785;;υm瘸
205026;45000000-7;Olsztyn
571972;;υm瘸
126421;45000000-7;Olsztyn
112998;09331100-9;υm瘸
177305;44114100-3;Koszalin
512944;;Bia造stok
199240;45233222-1;Bia造stok
173955;45453000-7;Bia造stok
214524;90511000-2;Bia造stok
512328;;Bia造stok
419714;43300000-6;υm瘸
504787;;υm瘸
110900;45000000-7;Bia造stok
72454;64110000-0;υm瘸
492887;85312500-4;υm瘸
368993;45453000-7;Bia造stok
41829;55321000-6;υm瘸
6772;45246400-7;Bia造stok
124286;79961200-0;υm瘸
175519;55524000-9;υm瘸
71063;90910000-9;υm瘸
317344;98000000-3;υm瘸
414908;43300000-6;υm瘸
33144;45232452-5;Bia造stok
52857;71351914-3;Bia造stok
526183;;υm瘸
44063;45210000-2;υm瘸
73619;45210000-2;υm瘸
207227;45453000-7;Bia造stok
456804;34223340-1;υm瘸
1638;71320000-7;υm瘸
315140;71000000-8;υm瘸
383237;43300000-6;υm瘸
15160;45233220-7;Bia造stok
452878;60112000-6;υm瘸
326560;45111200-0;υm瘸
16657;60112000-6;υm瘸
292798;45233222-1;Bia造stok
440758;30213100-6;υm瘸
77203;66113000-5;υm瘸
271879;45000000-7;υm瘸
38857;45313100-5;υm瘸
161733;45212220-3;υm瘸
537374;;υm瘸
167969;77310000-6;Bia造stok
306939;55524000-9;υm瘸
306939;55524000-9;υm瘸
17685;45233250-6;Bia造stok
513524;;υm瘸
188617;45310000-3;Koszalin
488142;34144500-3;υm瘸
171054;31680000-6;Koszalin
33144;45232452-5;Bia造stok
146636;45000000-7;Bia造stok
149939;45246400-7;Bia造stok
525670;;Bia造stok
368993;45453000-7;Bia造stok
155791;45246400-7;Bia造stok
497120;37535200-9;υm瘸
323681;71000000-8;υm瘸
273087;90500000-2;Bia造stok
419714;43300000-6;υm瘸
32389;33631600-8;υm瘸
88680;;
173593;60112000-6;υm瘸
124494;45000000-7;Bia造stok
7097;45246400-7;Bia造stok
34408;72919000-4;Bia造stok
475087;30213100-6;υm瘸
124286;79961200-0;υm瘸
126421;45000000-7;Olsztyn
21788;45246400-7;Bia造stok
478428;30213100-6;υm瘸
181751;45000000-7;Bia造stok
456804;34223340-1;υm瘸
464445;77342000-9;Bia造stok
54885;45316100-9;υm瘸
414908;43300000-6;υm瘸
551785;;υm瘸
205026;45000000-7;Olsztyn
15160;45233220-7;Bia造stok
199240;45233222-1;Bia造stok
419714;43300000-6;υm瘸
177305;44114100-3;Koszalin
124286;79961200-0;υm瘸
542762;;υm瘸
512944;;Bia造stok
214524;90511000-2;Bia造stok
504787;;υm瘸
492887;85312500-4;υm瘸
15847;45000000-7;Bia造stok
110900;45000000-7;Bia造stok
571972;;υm瘸
175048;44231000-8;Bia造stok
509405;;Bia造stok
71063;90910000-9;υm瘸
129845;45216000-4;Bia造stok
213452;66110000-4;υm瘸
110721;45223300-9;υm瘸
52857;71351914-3;Bia造stok
72454;64110000-0;υm瘸
136750;45212220-3;υm瘸
414908;43300000-6;υm瘸
452878;60112000-6;υm瘸
44063;45210000-2;υm瘸
207227;45453000-7;Bia造stok
175519;55524000-9;υm瘸
149939;45246400-7;Bia造stok
317344;98000000-3;υm瘸
368993;45453000-7;Bia造stok
175778;60112000-6;υm瘸
383237;43300000-6;υm瘸
175048;44231000-8;Bia造stok
440758;30213100-6;υm瘸
346765;45316100-9;υm瘸
92280;55524000-9;υm瘸
271879;45000000-7;υm瘸
3037;45321000-3;υm瘸
161733;45212220-3;υm瘸
6772;45246400-7;Bia造stok
357379;45400000-1;υm瘸
529544;;Bia造stok
306939;55524000-9;υm瘸
555066;;υm瘸
513524;;υm瘸
357379;45400000-1;υm瘸
488142;34144500-3;υm瘸
512328;;Bia造stok
32389;33631600-8;υm瘸
173955;45453000-7;Bia造stok
167969;77310000-6;Bia造stok
387540;90500000-2;Bia造stok
1638;71320000-7;υm瘸
73619;45210000-2;υm瘸
173955;45453000-7;Bia造stok
445599;55321000-6;υm瘸
497120;37535200-9;υm瘸
38857;45313100-5;υm瘸
273087;90500000-2;Bia造stok
213452;66110000-4;υm瘸
173593;60112000-6;υm瘸
136750;45212220-3;υm瘸
7097;45246400-7;Bia造stok
112998;09331100-9;υm瘸
475087;30213100-6;υm瘸
315140;71000000-8;υm瘸
126421;45000000-7;Olsztyn
526183;;υm瘸
478428;30213100-6;υm瘸
292798;45233222-1;Bia造stok
456804;34223340-1;υm瘸
92280;55524000-9;υm瘸
112998;09331100-9;υm瘸
326560;45111200-0;υm瘸
551785;;υm瘸
64521;45233142-6;υm瘸
504787;;υm瘸
188617;45310000-3;Koszalin
419714;43300000-6;υm瘸
375047;45233142-6;υm瘸
124286;79961200-0;υm瘸
77203;66113000-5;υm瘸
285709;45216000-4;Bia造stok
512944;;Bia造stok
537374;;υm瘸
33144;45232452-5;Bia造stok
155791;45246400-7;Bia造stok
54885;45316100-9;υm瘸
17685;45233250-6;Bia造stok
571972;;υm瘸
146636;;
15847;45000000-7;Bia造stok
171054;31680000-6;Koszalin
16657;60112000-6;υm瘸
88680;45233120-6;Bia造stok
110721;45223300-9;υm瘸
525670;;Bia造stok
72454;64110000-0;υm瘸
466403;45233142-6;Bia造stok
414908;43300000-6;υm瘸
323681;71000000-8;υm瘸
44063;45210000-2;υm瘸
34408;72919000-4;Bia造stok
387540;90500000-2;Bia造stok
357527;09111210-5;Warszawa
317344;98000000-3;υm瘸
124494;45000000-7;Bia造stok
175778;60112000-6;υm瘸
560741;;υm瘸
175048;44231000-8;Bia造stok
21788;45246400-7;Bia造stok
346765;45316100-9;υm瘸
363507;71320000-7;Warszawa
3037;45321000-3;υm瘸
486236;64100000-7;υm瘸
6772;45246400-7;Bia造stok
464445;77342000-9;Bia造stok
529544;;Bia造stok
181751;45000000-7;Bia造stok
555066;;υm瘸
205026;45000000-7;Olsztyn
357379;45400000-1;υm瘸
447045;34144500-3;υm瘸
512328;;Bia造stok
177305;44114100-3;Koszalin
173955;45453000-7;Bia造stok
199240;45233222-1;Bia造stok
175519;55524000-9;υm瘸
214524;90511000-2;Bia造stok
54885;45316100-9;υm瘸
15160;45233220-7;Bia造stok
179634;45316100-9;υm瘸
513524;;υm瘸
445599;55321000-6;υm瘸
110900;45000000-7;Bia造stok
478428;30213100-6;υm瘸
73619;45210000-2;υm瘸
492887;85312500-4;υm瘸
213452;66110000-4;υm瘸
41829;55321000-6;υm瘸
136750;45212220-3;υm瘸
542762;;υm瘸
129845;45216000-4;Bia造stok
71063;90910000-9;υm瘸
292798;45233222-1;Bia造stok
153415;45223300-9;υm瘸
526183;;υm瘸
52857;71351914-3;Bia造stok
315140;71000000-8;υm瘸
292642;45000000-7;Bia造stok
92280;55524000-9;υm瘸
207227;45453000-7;Bia造stok
38857;45313100-5;υm瘸
1638;71320000-7;υm瘸
64521;;
383237;43300000-6;υm瘸
326560;45111200-0;υm瘸
452878;60112000-6;υm瘸
285709;45216000-4;Bia造stok
16657;60112000-6;υm瘸
77203;66113000-5;υm瘸
440758;30213100-6;υm瘸
188617;;
271879;45000000-7;υm瘸
537374;;υm瘸
161733;45212220-3;υm瘸
146636;45000000-7;Bia造stok
167969;77310000-6;Bia造stok
17685;45233250-6;Bia造stok
306939;55524000-9;υm瘸
155791;45246400-7;Bia造stok
513524;;υm瘸
171054;31680000-6;Koszalin
488142;34144500-3;υm瘸
466403;45233142-6;Bia造stok
33144;45232452-5;Bia造stok
525670;;Bia造stok
149939;45246400-7;Bia造stok
88680;45233120-6;Bia造stok
368993;45453000-7;Bia造stok
323681;71000000-8;υm瘸
497120;37535200-9;υm瘸
124494;45000000-7;Bia造stok
273087;90500000-2;Bia造stok
357527;09111210-5;Warszawa
32389;33631600-8;υm瘸
34408;72919000-4;Bia造stok
173593;60112000-6;υm瘸
560741;;υm瘸
7097;45246400-7;Bia造stok
486236;64100000-7;υm瘸
475087;30213100-6;υm瘸
21788;45246400-7;Bia造stok
126421;45000000-7;Olsztyn
181751;45000000-7;Bia造stok
478428;30213100-6;υm瘸
464445;77342000-9;Bia造stok
456804;34223340-1;υm瘸
447045;34144500-3;υm瘸
54885;45316100-9;υm瘸
205026;45000000-7;Olsztyn
551785;;υm瘸
199240;;
15160;45233220-7;Bia造stok
177305;44114100-3;Koszalin
419714;43300000-6;υm瘸
179634;45316100-9;υm瘸
124286;79961200-0;υm瘸
214524;90511000-2;Bia造stok
492887;85312500-4;υm瘸
512944;;Bia造stok
110900;45000000-7;Bia造stok
504787;;υm瘸
542762;;υm瘸
15847;45000000-7;Bia造stok
41829;55321000-6;υm瘸
571972;;υm瘸
71063;90910000-9;υm瘸
509405;;Bia造stok
153415;45223300-9;υm瘸
129845;;
52857;71351914-3;Bia造stok
110721;45223300-9;υm瘸
292642;45000000-7;Bia造stok
72454;64110000-0;υm瘸
207227;45453000-7;Bia造stok
414908;43300000-6;υm瘸
1638;71320000-7;υm瘸
44063;45210000-2;υm瘸
383237;43300000-6;υm瘸
175519;55524000-9;υm瘸
452878;60112000-6;υm瘸
317344;98000000-3;υm瘸
16657;60112000-6;υm瘸
175778;60112000-6;υm瘸
440758;30213100-6;υm瘸
175048;44231000-8;Bia造stok
271879;45000000-7;υm瘸
161733;45212220-3;υm瘸
3037;45321000-3;υm瘸
167969;77310000-6;Bia造stok
6772;45246400-7;Bia造stok
306939;;
529544;;Bia造stok
513524;;υm瘸
555066;;υm瘸
488142;34144500-3;υm瘸
357379;45400000-1;υm瘸
33144;45232452-5;Bia造stok
512328;;Bia造stok
149939;45246400-7;Bia造stok
173955;45453000-7;Bia造stok
368993;45453000-7;Bia造stok
387540;90500000-2;Bia造stok
497120;37535200-9;υm瘸
73619;45210000-2;υm瘸
273087;90500000-2;Bia造stok
445599;55321000-6;υm瘸
32389;33631600-8;υm瘸
38857;45313100-5;υm瘸
173593;60112000-6;υm瘸
213452;66110000-4;υm瘸
7097;45246400-7;Bia造stok
136750;45212220-3;υm瘸
475087;30213100-6;υm瘸
112998;09331100-9;υm瘸
126421;45000000-7;Olsztyn
315140;71000000-8;υm瘸
478428;30213100-6;υm瘸
526183;;υm瘸
456804;34223340-1;υm瘸
292798;45233222-1;Bia造stok
54885;45316100-9;υm瘸
92280;55524000-9;υm瘸
110721;45223300-9;υm瘸
551785;;υm瘸
326560;45111200-0;υm瘸
15160;45233220-7;Bia造stok
64521;45233142-6;υm瘸
419714;43300000-6;υm瘸
188617;45310000-3;Koszalin
124286;79961200-0;υm瘸
375047;45233142-6;υm瘸
77203;66113000-5;υm瘸
512944;;Bia造stok
285709;45216000-4;Bia造stok
504787;;υm瘸
537374;;υm瘸
15847;;
155791;45246400-7;Bia造stok
571972;;υm瘸
17685;45233250-6;Bia造stok
509405;;Bia造stok
146636;45000000-7;Bia造stok
129845;45216000-4;Bia造stok
171054;31680000-6;Koszalin
110721;45223300-9;υm瘸
88680;45233120-6;Bia造stok
72454;64110000-0;υm瘸
525670;;Bia造stok
414908;43300000-6;υm瘸
466403;45233142-6;Bia造stok
44063;45210000-2;υm瘸
323681;71000000-8;υm瘸
175519;;
34408;72919000-4;Bia造stok
317344;98000000-3;υm瘸
357527;09111210-5;Warszawa
175778;60112000-6;υm瘸
124494;45000000-7;Bia造stok
175048;;
560741;;υm瘸
440758;30213100-6;υm瘸
21788;45246400-7;Bia造stok
3037;45321000-3;υm瘸
363507;71320000-7;Warszawa
161733;45212220-3;υm瘸
6772;45246400-7;Bia造stok
486236;64100000-7;υm瘸
509405;;Bia造stok
529544;;Bia造stok
464445;77342000-9;Bia造stok
555066;;υm瘸
181751;45000000-7;Bia造stok
513524;;υm瘸
357379;45400000-1;υm瘸
205026;45000000-7;Olsztyn
512328;;Bia造stok
447045;34144500-3;υm瘸
161733;45212220-3;υm瘸
173955;45453000-7;Bia造stok
177305;44114100-3;Koszalin
387540;90500000-2;Bia造stok
292642;45000000-7;Bia造stok
199240;45233222-1;Bia造stok
440758;30213100-6;υm瘸
73619;45210000-2;υm瘸
214524;90511000-2;Bia造stok
126421;45000000-7;Olsztyn
445599;55321000-6;υm瘸
179634;45316100-9;υm瘸
110721;45223300-9;υm瘸
38857;45313100-5;υm瘸
110900;45000000-7;Bia造stok
1638;71320000-7;υm瘸
213452;66110000-4;υm瘸
492887;85312500-4;υm瘸
466403;45233142-6;Bia造stok
136750;45212220-3;υm瘸
41829;55321000-6;υm瘸
112998;09331100-9;υm瘸
542762;;υm瘸
315140;71000000-8;υm瘸
71063;90910000-9;υm瘸
285709;45216000-4;Bia造stok
526183;;υm瘸
153415;45223300-9;υm瘸
346765;45316100-9;υm瘸
292798;45233222-1;Bia造stok
52857;71351914-3;Bia造stok
387540;90500000-2;Bia造stok
92280;55524000-9;υm瘸
292642;45000000-7;Bia造stok
326560;45111200-0;υm瘸
207227;45453000-7;Bia造stok
375047;45233142-6;υm瘸
64521;45233142-6;υm瘸
1638;71320000-7;υm瘸
188617;45310000-3;Koszalin
383237;43300000-6;υm瘸
363507;71320000-7;Warszawa
375047;45233142-6;υm瘸
452878;60112000-6;υm瘸
77203;66113000-5;υm瘸
16657;60112000-6;υm瘸
285709;45216000-4;Bia造stok
537374;;υm瘸
155791;45246400-7;Bia造stok
17685;45233250-6;Bia造stok
167969;77310000-6;Bia造stok
146636;45000000-7;Bia造stok
171054;31680000-6;Koszalin
88680;45233120-6;Bia造stok
525670;;Bia造stok
33144;45232452-5;Bia造stok
466403;45233142-6;Bia造stok
149939;45246400-7;Bia造stok
323681;71000000-8;υm瘸
368993;45453000-7;Bia造stok
34408;72919000-4;Bia造stok
497120;37535200-9;υm瘸
357527;09111210-5;Warszawa
273087;90500000-2;Bia造stok
124494;45000000-7;Bia造stok
32389;33631600-8;υm瘸
560741;;υm瘸
21788;45246400-7;Bia造stok
363507;71320000-7;Warszawa
486236;64100000-7;υm瘸
464445;77342000-9;Bia造stok
181751;45000000-7;Bia造stok
205026;45000000-7;Olsztyn
54885;45316100-9;υm瘸
447045;34144500-3;υm瘸
177305;44114100-3;Koszalin
15160;45233220-7;Bia造stok
199240;45233222-1;Bia造stok
214524;90511000-2;Bia造stok
179634;45316100-9;υm瘸
512944;;Bia造stok
110900;45000000-7;Bia造stok
504787;;υm瘸
492887;85312500-4;υm瘸
15847;45000000-7;Bia造stok
41829;55321000-6;υm瘸
571972;;υm瘸
542762;;υm瘸
509405;;Bia造stok
71063;90910000-9;υm瘸
129845;45216000-4;Bia造stok
153415;45223300-9;υm瘸
52857;71351914-3;Bia造stok
72454;64110000-0;υm瘸
292642;45000000-7;Bia造stok
112998;09331100-9;υm瘸
452878;60112000-6;υm瘸
175519;55524000-9;υm瘸
383237;43300000-6;υm瘸
317344;98000000-3;υm瘸
129845;45216000-4;Bia造stok
16657;60112000-6;υm瘸
513524;;υm瘸
110721;45223300-9;υm瘸
6772;45246400-7;Bia造stok
486236;64100000-7;υm瘸
167969;77310000-6;Bia造stok
346765;45316100-9;υm瘸
161733;45212220-3;υm瘸
357527;09111210-5;Warszawa
387540;90500000-2;Bia造stok
512328;;Bia造stok
292642;45000000-7;Bia造stok
33144;45232452-5;Bia造stok
153415;45223300-9;υm瘸
149939;45246400-7;Bia造stok
447045;34144500-3;υm瘸
207227;45453000-7;Bia造stok
73619;45210000-2;υm瘸
285709;45216000-4;Bia造stok
497120;37535200-9;υm瘸
387540;90500000-2;Bia造stok
273087;90500000-2;Bia造stok
38857;45313100-5;υm瘸
346765;45316100-9;υm瘸
32389;33631600-8;υm瘸
64521;45233142-6;υm瘸
179634;45316100-9;υm瘸
478428;30213100-6;υm瘸
153415;45223300-9;υm瘸
112998;09331100-9;υm瘸
509405;;Bia造stok
542762;;υm瘸
315140;71000000-8;υm瘸
478428;30213100-6;υm瘸
271879;45000000-7;υm瘸
526183;;υm瘸
41829;55321000-6;υm瘸
440758;30213100-6;υm瘸
292798;45233222-1;Bia造stok
447045;34144500-3;υm瘸
466403;45233142-6;Bia造stok
92280;55524000-9;υm瘸
179634;45316100-9;υm瘸
1638;71320000-7;υm瘸
326560;45111200-0;υm瘸
486236;64100000-7;υm瘸
285709;45216000-4;Bia造stok
64521;45233142-6;υm瘸
179634;45316100-9;υm瘸
368993;45453000-7;Bia造stok
188617;45310000-3;Koszalin
271879;45000000-7;υm瘸
486236;64100000-7;υm瘸
375047;45233142-6;υm瘸
447045;34144500-3;υm瘸
77203;66113000-5;υm瘸
